total_messages,unique_payloads,duplicate_ratio,message_frequency,topic_frequency,payload_length,time_interval,label
30,5,0.8333,12.428,9.4401,22,0.1316,1
15,1,0.9333,6.0885,6.2868,11,0.1199,1
16,1,0.9375,14.152,14.8965,10,0.071,1
30,4,0.8667,10.2808,13.1778,25,0.0722,1
38,26,0.3158,3.7534,3.9985,29,0.5698,0
25,24,0.04,3.5469,4.3585,23,1.8077,0
29,17,0.4138,3.2209,3.3326,12,1.969,0
15,1,0.9333,13.962,13.0652,13,0.1631,1
20,18,0.1,2.6808,1.803,24,1.2912,0
111,95,0.1441,32.7047,45.0991,27,0.0284,2
20,1,0.95,9.5725,9.9356,13,0.1849,1
36,21,0.4167,3.6595,4.1278,12,1.3314,0
193,184,0.0466,87.1904,98.7295,15,0.0194,2
134,112,0.1642,87.8171,92.7088,27,0.0223,2
28,17,0.3929,1.1866,3.5226,11,0.5558,0
106,105,0.0094,44.9974,70.1816,16,0.0056,2
30,25,0.1667,3.9861,3.7689,25,1.9469,0
22,1,0.9545,14.8631,5.2626,24,0.0747,1
29,26,0.1034,0.6548,4.8106,18,0.9765,0
22,2,0.9091,7.6787,10.5961,21,0.1416,1
39,32,0.1795,1.5857,4.1319,26,1.6179,0
28,4,0.8571,7.0473,8.0705,26,0.1577,1
88,74,0.1591,90.877,38.2646,17,0.0206,2
17,1,0.9412,6.7339,8.6828,26,0.1666,1
24,15,0.375,4.9489,0.9983,19,0.2709,0
134,127,0.0522,30.8553,49.8728,12,0.0265,2
21,4,0.8095,11.2382,12.3157,20,0.1973,1
22,19,0.1364,3.1825,1.4475,19,0.6223,0
30,2,0.9333,6.1484,7.6747,27,0.1466,1
32,30,0.0625,4.9311,0.5041,28,1.5042,0
15,4,0.7333,13.212,7.7091,19,0.0613,1
35,23,0.3429,4.2929,1.026,18,1.9981,0
20,18,0.1,1.7856,3.7577,18,0.796,0
21,12,0.4286,2.0582,4.1018,14,0.5267,0
20,4,0.8,12.5563,11.5577,22,0.1249,1
187,164,0.123,59.5299,85.8262,20,0.0109,2
106,102,0.0377,81.4662,89.6464,21,0.0233,2
108,97,0.1019,63.5584,67.1213,15,0.0081,2
24,2,0.9167,11.433,6.6562,14,0.081,1
37,33,0.1081,2.6011,1.4233,17,1.4363,0
89,73,0.1798,36.431,86.2335,22,0.0286,2
28,22,0.2143,0.7129,4.1063,13,0.9936,0
17,1,0.9412,8.2013,10.5206,20,0.1253,1
24,5,0.7917,8.203,5.4495,18,0.1834,1
22,5,0.7727,5.9018,13.424,22,0.1133,1
29,1,0.9655,6.7558,9.8333,28,0.1588,1
15,3,0.8,11.8449,12.83,21,0.0562,1
18,11,0.3889,4.7801,0.6106,14,0.6081,0
18,5,0.7222,10.5667,14.3489,22,0.179,1
151,135,0.106,60.4356,96.2839,23,0.0205,2
28,27,0.0357,3.6626,2.7453,18,0.2254,0
26,4,0.8462,10.9446,8.5444,14,0.0913,1
125,120,0.04,48.2513,50.6152,13,0.0151,2
31,25,0.1935,1.8593,0.8192,30,1.7623,0
151,120,0.2053,42.632,40.9027,19,0.0158,2
26,4,0.8462,12.8874,10.6923,27,0.1264,1
25,1,0.96,6.0528,9.5629,25,0.1981,1
186,149,0.1989,80.1954,70.0228,20,0.029,2
24,22,0.0833,3.2217,2.4607,12,1.8177,0
16,3,0.8125,11.1624,12.6262,14,0.063,1
22,22,0.0,3.3969,3.0562,21,0.2276,0
27,2,0.9259,11.1641,13.2638,12,0.0741,1
25,5,0.8,14.2272,5.064,12,0.0871,1
20,1,0.95,10.6027,5.1173,23,0.065,1
16,10,0.375,4.2503,4.5984,13,0.4944,0
24,24,0.0,2.2242,3.1258,12,1.7226,0
33,20,0.3939,4.1653,4.0592,15,1.0048,0
23,15,0.3478,2.1922,4.5938,29,1.4485,0
27,1,0.963,10.6991,7.3947,14,0.1382,1
21,2,0.9048,14.7604,5.0096,25,0.1915,1
194,175,0.0979,91.0494,84.0092,23,0.0208,2
31,22,0.2903,4.85,3.0638,29,0.6636,0
23,3,0.8696,12.1694,9.8984,12,0.0919,1
33,23,0.303,4.3651,0.6482,24,1.3988,0
29,24,0.1724,2.605,2.4006,13,1.7633,0
28,2,0.9286,13.4837,13.7566,14,0.1536,1
29,20,0.3103,1.3311,4.5497,29,0.8243,0
120,96,0.2,52.5815,88.5955,16,0.0246,2
190,160,0.1579,55.4581,56.4359,15,0.009,2
28,4,0.8571,12.2534,9.2329,30,0.0844,1
29,3,0.8966,14.8387,5.5123,14,0.0724,1
24,2,0.9167,6.1685,14.1208,26,0.1875,1
23,13,0.4348,3.4998,1.4073,16,0.8628,0
145,131,0.0966,52.9593,60.0043,25,0.0067,2
136,111,0.1838,94.1865,73.4348,22,0.02,2
21,1,0.9524,7.1656,6.1758,13,0.0505,1
15,12,0.2,1.1274,1.0309,26,1.9399,0
159,135,0.1509,76.472,47.0537,16,0.0088,2
195,183,0.0615,60.9267,41.0013,18,0.0282,2
23,2,0.913,7.1765,13.0637,15,0.1018,1
24,24,0.0,0.6257,2.9732,25,0.8261,0
99,89,0.101,76.3784,54.999,29,0.0102,2
168,147,0.125,80.0014,78.9516,22,0.0218,2
31,20,0.3548,3.982,4.8539,27,1.5701,0
28,3,0.8929,10.6971,8.3984,30,0.1129,1
20,13,0.35,0.6551,4.5368,18,0.5747,0
20,5,0.75,12.006,11.1796,18,0.0864,1
30,3,0.9,10.0006,12.4323,29,0.0757,1
16,10,0.375,0.5554,1.7686,17,1.5297,0
16,3,0.8125,10.2888,6.8968,15,0.1212,1
30,19,0.3667,0.6648,4.5395,21,0.787,0
176,157,0.108,80.4988,30.2234,18,0.0088,2
82,72,0.122,68.9212,52.0105,12,0.0152,2
26,5,0.8077,11.1897,11.6414,19,0.1488,1
25,4,0.84,13.0781,7.6679,20,0.1739,1
15,12,0.2,3.8191,4.9676,24,1.1381,0
17,1,0.9412,6.2533,7.3995,27,0.1252,1
30,5,0.8333,9.5725,8.3723,29,0.0671,1
18,5,0.7222,12.8215,5.5841,17,0.0601,1
194,173,0.1082,72.2325,91.8104,10,0.0289,2
159,148,0.0692,79.2994,63.9769,18,0.022,2
84,79,0.0595,77.809,78.6897,15,0.0142,2
26,20,0.2308,0.8246,2.8905,25,0.7389,0
20,16,0.2,4.1481,4.0019,13,0.2125,0
28,4,0.8571,11.1129,5.8774,18,0.1554,1
22,2,0.9091,5.2222,6.0617,11,0.1141,1
32,27,0.1562,3.4719,1.5281,26,0.771,0
16,15,0.0625,1.3412,2.2595,29,0.3013,0
135,111,0.1778,67.778,37.4886,19,0.0105,2
34,34,0.0,0.9584,1.0091,26,1.2892,0
100,82,0.18,30.46,88.3136,23,0.0146,2
106,91,0.1415,52.7465,39.5146,25,0.0256,2
30,18,0.4,3.5136,3.3399,25,0.4942,0
17,16,0.0588,4.3407,3.9097,28,0.6218,0
20,19,0.05,3.7964,3.4326,21,1.2411,0
20,2,0.9,13.949,11.4125,30,0.1273,1
178,151,0.1517,94.4923,57.8417,20,0.0062,2
27,25,0.0741,3.194,3.6528,19,1.3134,0
150,124,0.1733,93.4957,33.3419,25,0.007,2
107,89,0.1682,73.1739,33.0821,27,0.0066,2
38,34,0.1053,2.8123,3.7338,13,0.5157,0
24,3,0.875,7.5974,7.9342,17,0.1743,1
173,147,0.1503,81.217,55.8304,13,0.0143,2
21,2,0.9048,14.0322,12.6144,16,0.0783,1
21,14,0.3333,0.8127,4.7621,26,1.7079,0
106,102,0.0377,43.8584,33.8254,29,0.0234,2
19,16,0.1579,4.208,4.9464,30,0.2649,0
18,2,0.8889,13.6471,10.3261,29,0.1378,1
84,73,0.131,62.4817,42.756,18,0.0136,2
25,3,0.88,7.3966,12.7266,16,0.1305,1
15,12,0.2,4.1432,3.7961,11,1.3315,0
30,30,0.0,4.8964,4.4437,16,1.3344,0
20,17,0.15,0.5581,4.8377,14,1.7841,0
15,9,0.4,1.9998,2.8121,30,1.3908,0
189,183,0.0317,86.5743,47.1062,15,0.0162,2
30,18,0.4,1.866,1.9419,12,0.5798,0
15,1,0.9333,14.1837,11.6617,12,0.1152,1
194,179,0.0773,31.3364,44.3273,30,0.0191,2
22,22,0.0,3.2136,1.9038,12,1.9375,0
15,1,0.9333,7.0275,10.1024,12,0.0971,1
105,97,0.0762,82.2954,45.5771,19,0.0298,2
30,3,0.9,14.7553,5.203,30,0.1331,1
16,1,0.9375,8.2631,12.2633,21,0.1599,1
16,2,0.875,9.9958,8.813,24,0.0918,1
22,5,0.7727,5.3366,12.4416,25,0.0884,1
15,1,0.9333,9.1918,14.7657,13,0.0869,1
28,1,0.9643,13.1464,14.8562,28,0.0894,1
18,5,0.7222,5.6522,13.5952,24,0.1967,1
37,27,0.2703,2.9841,3.9346,28,1.2531,0
91,89,0.022,46.329,35.6348,27,0.0213,2
32,26,0.1875,1.4275,4.6644,18,0.9229,0
27,4,0.8519,10.3222,7.9022,10,0.1991,1
23,13,0.4348,1.4371,3.3157,17,1.8059,0
194,166,0.1443,84.355,75.3074,27,0.0076,2
27,5,0.8148,6.5678,9.9806,21,0.1061,1
28,2,0.9286,11.4534,14.476,24,0.1087,1
153,127,0.1699,46.2252,48.3456,26,0.0201,2
29,3,0.8966,11.477,13.0994,26,0.1175,1
15,3,0.8,14.4522,7.1178,12,0.1329,1
113,106,0.0619,33.5875,89.3354,16,0.0252,2
110,89,0.1909,69.3596,76.9315,11,0.0112,2
25,22,0.12,1.6572,4.1295,14,0.7046,0
27,5,0.8148,13.2758,9.9917,12,0.1171,1
146,127,0.1301,51.6759,36.4365,10,0.0204,2
26,22,0.1538,1.24,4.1333,24,1.5645,0
165,161,0.0242,33.668,54.9391,10,0.0104,2
26,2,0.9231,11.4885,13.9792,22,0.1243,1
81,73,0.0988,87.5903,60.9689,27,0.0257,2
39,31,0.2051,2.3762,2.6904,26,0.3135,0
138,125,0.0942,57.8617,67.827,29,0.0237,2
28,18,0.3571,3.3321,4.1218,10,1.7142,0
30,29,0.0333,1.7978,1.8038,26,0.3969,0
35,28,0.2,3.6328,2.0365,29,1.7479,0
199,166,0.1658,99.0917,65.9244,24,0.028,2
185,184,0.0054,33.0694,68.4029,19,0.0236,2
32,21,0.3438,1.2373,3.7206,14,0.5085,0
23,14,0.3913,4.0579,2.2613,26,0.9746,0
17,15,0.1176,3.331,4.3148,10,0.3826,0
30,23,0.2333,2.8713,3.8584,12,0.7104,0
26,15,0.4231,0.7774,2.9419,20,1.9244,0
19,3,0.8421,10.7463,14.2134,30,0.088,1
27,4,0.8519,6.8191,9.8565,29,0.146,1
25,2,0.92,10.0944,8.2382,20,0.1697,1
23,19,0.1739,1.825,2.6152,16,0.6842,0
97,89,0.0825,97.3759,48.1944,20,0.0298,2
17,16,0.0588,3.7239,1.6697,22,0.3886,0
17,13,0.2353,3.8621,4.1955,30,1.9495,0
27,4,0.8519,14.9475,5.4502,28,0.1034,1
23,5,0.7826,11.1438,14.3672,27,0.1227,1
24,3,0.875,12.248,9.4972,11,0.1294,1
30,20,0.3333,3.102,4.4896,27,0.9792,0
22,5,0.7727,11.5706,5.9314,15,0.1664,1
22,14,0.3636,2.5845,1.5673,14,1.8238,0
160,152,0.05,71.8686,41.2145,22,0.0271,2
21,1,0.9524,11.7811,7.7372,29,0.1491,1
27,21,0.2222,4.2656,0.8995,30,0.7485,0
147,146,0.0068,65.6231,62.6964,17,0.0292,2
29,24,0.1724,1.4091,3.287,27,1.0822,0
118,116,0.0169,65.2289,50.491,28,0.0255,2
122,105,0.1393,97.2119,79.8825,25,0.0246,2
157,142,0.0955,34.8709,57.2762,28,0.0247,2
29,2,0.931,6.7903,10.8899,23,0.1125,1
40,37,0.075,2.3003,2.1727,22,1.3938,0
25,3,0.88,12.2265,12.9289,19,0.1664,1
23,5,0.7826,5.7104,10.4106,25,0.1328,1
21,1,0.9524,6.6134,7.8347,29,0.1188,1
24,1,0.9583,10.1346,5.9044,18,0.0526,1
20,5,0.75,14.702,7.5343,19,0.167,1
20,3,0.85,12.2125,14.9428,25,0.1778,1
24,16,0.3333,2.3507,0.6698,30,1.1399,0
21,4,0.8095,7.7959,13.0522,24,0.1054,1
30,1,0.9667,10.2658,12.9693,10,0.1647,1
16,1,0.9375,13.7608,5.6398,20,0.0882,1
185,152,0.1784,47.0154,43.9106,27,0.0144,2
38,24,0.3684,3.6393,4.714,25,1.7956,0
20,4,0.8,10.764,10.3247,18,0.1205,1
22,5,0.7727,14.13,7.158,30,0.0964,1
17,14,0.1765,2.1206,1.3819,20,0.6593,0
22,4,0.8182,13.372,9.7522,23,0.1568,1
24,5,0.7917,9.1238,13.6821,17,0.1699,1
40,39,0.025,4.7348,1.7593,11,0.8361,0
121,121,0.0,73.0829,32.8969,14,0.0297,2
27,27,0.0,1.6325,0.6063,10,0.5473,0
15,4,0.7333,8.9162,7.1337,27,0.0864,1
154,130,0.1558,54.6573,68.4704,10,0.0136,2
118,95,0.1949,54.4292,35.817,22,0.0057,2
19,4,0.7895,14.3613,14.1561,11,0.0769,1
40,36,0.1,1.9387,3.2197,29,0.5035,0
31,21,0.3226,4.768,2.6386,23,1.6259,0
183,156,0.1475,81.5313,50.7833,29,0.0261,2
39,28,0.2821,2.8223,0.6351,27,0.3208,0
143,131,0.0839,95.4866,91.7024,29,0.0117,2
22,15,0.3182,2.1232,1.5485,10,1.1894,0
37,34,0.0811,2.7612,1.1005,19,1.772,0
34,25,0.2647,3.5693,3.4832,13,1.8948,0
16,1,0.9375,10.1946,5.2542,19,0.1908,1
138,129,0.0652,69.4883,94.7073,25,0.0283,2
143,136,0.049,33.5961,34.6155,12,0.0268,2
88,83,0.0568,93.802,77.2591,28,0.0285,2
38,29,0.2368,2.8217,1.6838,16,0.6512,0
18,15,0.1667,3.905,1.5027,27,0.4663,0
19,5,0.7368,9.2829,8.8081,13,0.0684,1
19,17,0.1053,4.3989,4.6612,26,1.5268,0
22,5,0.7727,11.9599,9.0947,18,0.1922,1
111,100,0.0991,92.5215,88.4733,25,0.0088,2
17,4,0.7647,9.0169,9.957,27,0.0859,1
29,2,0.931,12.7567,14.3486,14,0.0527,1
141,113,0.1986,65.4216,95.273,26,0.0166,2
15,4,0.7333,9.1922,10.8514,10,0.1058,1
29,29,0.0,4.638,4.0602,21,1.7985,0
24,17,0.2917,0.9707,0.6427,14,1.3918,0
101,91,0.099,54.5635,72.6124,14,0.0252,2
30,4,0.8667,14.065,8.6893,23,0.0539,1
140,126,0.1,87.8264,49.8678,28,0.0202,2
32,30,0.0625,3.9905,1.5539,16,0.3604,0
195,177,0.0923,66.7648,40.4961,22,0.011,2
24,17,0.2917,2.5113,2.7998,24,0.6392,0
27,2,0.9259,12.7129,7.7261,17,0.0587,1
130,116,0.1077,56.8563,81.0569,17,0.0066,2
26,5,0.8077,14.1376,6.3439,30,0.0919,1
113,90,0.2035,60.2437,34.0487,12,0.0066,2
25,25,0.0,1.4523,2.0178,20,1.1101,0
127,126,0.0079,70.3009,54.3241,23,0.0051,2
195,161,0.1744,36.0791,98.4743,11,0.0144,2
30,29,0.0333,3.1779,3.3459,23,0.843,0
17,2,0.8824,7.8098,10.4083,19,0.1217,1
17,2,0.8824,13.1706,12.6753,22,0.1284,1
29,25,0.1379,1.5186,2.7934,15,1.8285,0
19,13,0.3158,3.581,3.9119,22,1.3067,0
192,161,0.1615,70.2095,63.2749,14,0.013,2
190,179,0.0579,39.1629,83.3034,26,0.0169,2
23,2,0.913,7.7825,7.3536,18,0.1709,1
101,90,0.1089,70.3288,43.1823,30,0.017,2
26,25,0.0385,1.5941,2.3438,20,0.9696,0
15,3,0.8,10.7843,12.3132,25,0.0648,1
186,178,0.043,91.5111,99.9998,12,0.024,2
182,156,0.1429,37.519,99.1277,11,0.0216,2
30,5,0.8333,14.9382,5.6441,22,0.1648,1
139,138,0.0072,70.1538,93.8219,30,0.0204,2
193,173,0.1036,35.8998,90.9705,20,0.011,2
20,4,0.8,8.616,8.0744,25,0.0657,1
35,33,0.0571,1.1999,2.0426,18,1.5318,0
19,16,0.1579,2.464,1.1367,16,1.5353,0
174,148,0.1494,66.9661,71.7413,27,0.0125,2
25,2,0.92,6.1901,11.943,15,0.1206,1
40,27,0.325,4.0428,3.0189,15,0.5664,0
23,4,0.8261,11.2577,12.6187,14,0.0699,1
21,19,0.0952,2.0692,3.6876,25,0.3669,0
21,2,0.9048,12.8713,5.2373,13,0.116,1
30,26,0.1333,2.005,4.9011,17,1.5322,0
15,15,0.0,4.4803,3.0634,17,1.4093,0
199,171,0.1407,37.5071,42.1664,19,0.0203,2
139,115,0.1727,48.4508,90.9144,10,0.0281,2
165,146,0.1152,41.084,47.416,12,0.0266,2
35,30,0.1429,2.9768,1.9688,30,0.2471,0
26,1,0.9615,9.2301,9.3149,15,0.1355,1
39,34,0.1282,2.2164,4.3002,26,1.3099,0
28,26,0.0714,2.6507,2.4322,26,1.2601,0
22,14,0.3636,4.5884,2.2405,26,1.1442,0
24,24,0.0,3.0595,1.9657,21,1.4759,0
16,1,0.9375,7.1518,7.4466,16,0.0697,1
166,132,0.2048,54.0438,55.935,14,0.022,2
19,3,0.8421,9.7391,13.5627,19,0.0876,1
200,199,0.005,38.6866,94.7655,26,0.0067,2
21,19,0.0952,4.7535,0.7065,14,0.2435,0
24,4,0.8333,12.183,9.6026,30,0.1028,1
18,3,0.8333,9.2701,12.0764,21,0.1411,1
22,16,0.2727,2.4359,4.5259,19,0.4769,0
80,67,0.1625,49.9519,54.4526,27,0.018,2
15,5,0.6667,9.4807,5.9614,14,0.1514,1
20,5,0.75,6.575,13.8198,29,0.1355,1
173,160,0.0751,76.0255,88.313,13,0.0289,2
25,1,0.96,6.7841,8.6422,13,0.1322,1
140,116,0.1714,32.0278,76.4599,23,0.0218,2
34,31,0.0882,4.8336,4.1536,29,0.8713,0
138,121,0.1232,39.5449,62.5471,22,0.0286,2
153,142,0.0719,48.9091,35.4985,26,0.0092,2
26,15,0.4231,1.975,4.0384,21,0.4031,0
25,15,0.4,1.1824,4.8768,10,0.3998,0
194,169,0.1289,34.1533,60.9959,14,0.0122,2
30,28,0.0667,4.1846,1.1318,30,0.3829,0
98,98,0.0,79.5333,81.1441,23,0.0294,2
23,21,0.087,4.2569,1.51,27,1.8916,0
20,14,0.3,4.7205,4.2502,29,0.7953,0
31,23,0.2581,2.1116,2.409,20,0.2284,0
29,5,0.8276,7.8666,9.8697,12,0.092,1
25,3,0.88,7.2797,13.6633,23,0.1635,1
19,3,0.8421,9.21,12.5512,15,0.1662,1
27,20,0.2593,2.37,0.9246,29,0.7035,0
15,13,0.1333,4.9508,1.8608,22,1.7874,0
21,4,0.8095,7.9749,11.4329,27,0.1378,1
160,151,0.0563,74.2083,83.0322,24,0.0233,2
166,164,0.012,99.4234,97.3716,30,0.018,2
32,19,0.4062,1.444,2.7129,18,0.5213,0
117,102,0.1282,97.3509,47.9622,23,0.0172,2
16,1,0.9375,10.1096,11.3833,16,0.1131,1
94,91,0.0319,71.0497,49.3085,12,0.0126,2
20,12,0.4,4.1444,4.2144,24,1.3308,0
163,131,0.1963,45.064,67.7167,16,0.0294,2
20,18,0.1,3.3313,1.526,11,1.8129,0
105,98,0.0667,70.1423,62.6118,26,0.0248,2
128,126,0.0156,46.2909,61.2641,12,0.0273,2
133,111,0.1654,85.2132,32.414,18,0.0266,2
22,5,0.7727,12.1462,8.4687,20,0.1947,1
114,94,0.1754,94.2135,95.3895,22,0.0133,2
131,105,0.1985,59.2915,97.0414,15,0.0173,2
177,173,0.0226,88.1734,72.6633,20,0.0197,2
39,35,0.1026,2.6186,0.5435,30,0.3476,0
29,22,0.2414,1.3228,3.4865,24,1.2358,0
15,15,0.0,1.3827,1.0378,29,0.9993,0
98,81,0.1735,72.4517,59.864,13,0.0145,2
23,2,0.913,5.9752,10.7961,28,0.1164,1
25,22,0.12,1.022,0.6253,20,0.9482,0
120,112,0.0667,91.6663,56.8484,19,0.0138,2
26,2,0.9231,11.7962,12.0792,19,0.0755,1
29,29,0.0,0.5382,3.1631,25,1.9172,0
28,23,0.1786,3.2188,4.1662,25,1.9269,0
28,2,0.9286,7.2346,9.342,27,0.1336,1
29,4,0.8621,12.9986,10.8849,13,0.1298,1
15,14,0.0667,1.9614,4.8756,20,0.7337,0
119,108,0.0924,46.0085,33.0787,12,0.0079,2
20,18,0.1,4.2816,2.1174,10,1.9698,0
19,5,0.7368,7.653,7.0062,11,0.1541,1
16,4,0.75,6.993,13.6026,16,0.0966,1
175,165,0.0571,86.1633,31.4255,21,0.0294,2
24,4,0.8333,6.2639,12.8062,20,0.1323,1
150,134,0.1067,91.7461,91.7533,16,0.0238,2
29,4,0.8621,9.8881,13.0421,18,0.1355,1
29,1,0.9655,9.7732,8.962,11,0.1272,1
25,17,0.32,4.1637,4.723,12,0.6743,0
39,31,0.2051,1.809,1.8195,13,0.7618,0
92,79,0.1413,87.8492,78.3119,30,0.0139,2
156,125,0.1987,52.5765,59.6348,13,0.0057,2
194,176,0.0928,45.958,78.7757,18,0.0153,2
16,15,0.0625,2.8373,2.1929,30,1.1163,0
18,1,0.9444,8.3741,8.064,19,0.1943,1
18,10,0.4444,4.8191,1.2013,18,1.4371,0
19,2,0.8947,11.9801,14.9243,21,0.0792,1
32,29,0.0938,3.4628,3.8343,23,1.6951,0
36,29,0.1944,1.2305,3.4968,10,0.2613,0
27,4,0.8519,10.1288,14.2819,25,0.0565,1
17,4,0.7647,12.6373,5.1245,25,0.1677,1
27,18,0.3333,3.1323,1.7372,25,0.3437,0
26,19,0.2692,3.271,4.9977,29,1.4503,0
27,4,0.8519,6.8291,7.4704,19,0.1136,1
143,128,0.1049,38.0636,38.163,21,0.0216,2
27,1,0.963,9.6788,9.7208,27,0.1548,1
25,4,0.84,12.3008,7.675,11,0.1286,1
27,3,0.8889,12.9123,7.0932,30,0.1803,1
15,4,0.7333,12.3267,12.9754,26,0.1455,1
27,1,0.963,12.4018,7.1547,11,0.1742,1
103,93,0.0971,41.1948,54.4021,18,0.0258,2
192,170,0.1146,78.8913,53.4452,23,0.0104,2
17,2,0.8824,7.1829,13.3768,14,0.1082,1
31,27,0.129,3.182,2.6717,28,1.4682,0
26,22,0.1538,3.2522,1.919,20,1.1068,0
22,14,0.3636,2.7567,3.2847,18,0.3164,0
85,83,0.0235,99.4629,35.2175,29,0.0094,2
35,24,0.3143,1.8448,1.0373,23,1.0251,0
180,152,0.1556,57.5465,53.5555,21,0.0172,2
30,22,0.2667,4.8796,3.6739,30,1.3578,0
18,3,0.8333,7.0854,13.3446,13,0.0899,1
20,2,0.9,12.3769,7.5621,30,0.1155,1
23,22,0.0435,1.8803,2.8325,22,1.9988,0
27,4,0.8519,12.0537,7.1028,13,0.1551,1
136,134,0.0147,33.3412,33.465,13,0.0119,2
16,4,0.75,13.0057,14.7302,10,0.1909,1
30,2,0.9333,9.4989,13.7539,21,0.0921,1
20,1,0.95,8.9662,5.317,13,0.1456,1
25,3,0.88,9.2893,9.5079,20,0.061,1
101,91,0.099,31.8727,38.0522,21,0.013,2
93,80,0.1398,50.2945,90.1753,10,0.0055,2
24,1,0.9583,11.3024,10.4975,12,0.0573,1
141,116,0.1773,55.5098,64.8595,20,0.0159,2
34,20,0.4118,1.9079,4.6558,18,0.9476,0
24,20,0.1667,3.4211,2.6003,17,1.2337,0
27,1,0.963,12.2731,5.1881,14,0.1781,1
165,152,0.0788,34.5083,49.7645,30,0.0259,2
39,25,0.359,1.3652,2.268,28,1.4535,0
38,36,0.0526,3.9331,1.4187,28,1.6128,0
23,14,0.3913,1.9019,2.2264,26,1.1947,0
17,13,0.2353,4.8713,4.6598,21,1.3189,0
33,33,0.0,3.3259,2.7992,22,1.8521,0
17,5,0.7059,8.421,7.1627,27,0.0533,1
17,1,0.9412,14.8476,14.897,26,0.1029,1
16,2,0.875,11.4776,13.5442,12,0.141,1
113,109,0.0354,68.372,89.192,24,0.0117,2
39,31,0.2051,3.9715,2.2981,16,1.1287,0
125,105,0.16,96.7089,57.3894,29,0.0275,2
18,4,0.7778,7.2899,6.7038,13,0.0977,1
26,5,0.8077,8.6991,11.0201,14,0.0545,1
21,15,0.2857,3.4389,2.955,19,0.4931,0
183,183,0.0,95.2167,42.5326,22,0.0275,2
18,4,0.7778,11.8401,10.9935,27,0.0872,1
25,3,0.88,14.741,5.7043,12,0.1541,1
33,30,0.0909,1.1654,4.921,30,1.0394,0
18,11,0.3889,1.6021,2.2912,30,0.5887,0
16,13,0.1875,2.4055,0.9837,20,0.5625,0
22,21,0.0455,3.4115,4.9491,22,1.7194,0
20,3,0.85,11.4102,11.4443,22,0.0713,1
144,115,0.2014,35.1013,36.2368,17,0.0197,2
39,37,0.0513,3.2579,0.9506,22,1.3534,0
15,2,0.8667,14.8792,10.4344,18,0.0868,1
124,118,0.0484,32.5005,75.7159,11,0.028,2
40,31,0.225,2.0638,4.618,20,0.5216,0
22,2,0.9091,5.2353,10.8085,11,0.0549,1
21,4,0.8095,8.5988,12.3787,18,0.1855,1
24,1,0.9583,12.3432,14.7561,13,0.0516,1
87,69,0.2069,44.9103,70.0103,18,0.013,2
24,20,0.1667,1.4431,1.115,28,0.6786,0
22,5,0.7727,8.1584,14.4927,18,0.1889,1
200,189,0.055,41.884,63.0008,17,0.0222,2
113,109,0.0354,82.9962,40.1785,11,0.005,2
26,4,0.8462,6.9496,13.9844,29,0.0761,1
21,2,0.9048,14.4603,9.534,18,0.1427,1
39,38,0.0256,2.5757,2.9978,25,0.3637,0
24,3,0.875,6.0094,14.579,21,0.1167,1
33,26,0.2121,0.8502,2.7302,16,0.2207,0
32,32,0.0,3.2362,3.3155,12,1.929,0
40,40,0.0,1.8425,3.2656,27,0.974,0
18,5,0.7222,12.9807,8.3152,10,0.172,1
28,28,0.0,3.9835,1.2247,11,0.3191,0
116,102,0.1207,58.7527,81.5597,20,0.0098,2
134,117,0.1269,49.5173,83.6947,15,0.0075,2
26,1,0.9615,11.8849,12.8972,16,0.0991,1
18,5,0.7222,9.6831,9.2433,24,0.1832,1
39,34,0.1282,3.8635,4.2277,24,1.5308,0
150,130,0.1333,94.3556,52.6698,29,0.0055,2
23,3,0.8696,14.0755,11.5432,11,0.1601,1
19,2,0.8947,5.9811,14.0334,29,0.1857,1
26,3,0.8846,14.6626,5.0248,14,0.0921,1
180,150,0.1667,33.985,56.5562,25,0.0086,2
172,158,0.0814,78.5436,30.8044,17,0.0089,2
107,85,0.2056,86.9431,82.8129,13,0.0216,2
24,15,0.375,3.4746,2.7914,20,1.4606,0
196,180,0.0816,36.8623,99.8839,21,0.0117,2
28,25,0.1071,1.7433,0.949,28,0.361,0
143,115,0.1958,36.6252,30.0892,10,0.0182,2
129,119,0.0775,94.9342,68.4042,22,0.02,2
172,155,0.0988,43.2427,78.3553,24,0.0275,2
21,13,0.381,4.8631,2.1506,12,1.3142,0
22,1,0.9545,12.2419,6.0388,30,0.1056,1
120,113,0.0583,79.3498,32.0651,11,0.0059,2
120,101,0.1583,59.2818,38.3502,20,0.0111,2
112,101,0.0982,32.8683,85.0546,17,0.0225,2
21,2,0.9048,5.4366,14.7003,11,0.1076,1
27,3,0.8889,8.5964,10.3255,13,0.0527,1
177,160,0.096,69.3258,70.3263,30,0.0083,2
30,5,0.8333,12.0552,14.3272,20,0.1579,1
30,22,0.2667,2.2189,3.0357,12,0.5795,0
27,3,0.8889,10.3541,5.5465,27,0.1234,1
151,140,0.0728,81.9404,50.013,20,0.0264,2
37,34,0.0811,3.1104,1.4107,14,0.9959,0
17,10,0.4118,2.96,2.3572,25,0.7448,0
15,1,0.9333,8.7218,5.1188,10,0.1979,1
19,15,0.2105,1.8388,2.7281,21,1.1528,0
21,16,0.2381,2.9934,1.1276,10,0.6423,0
110,97,0.1182,61.5535,34.2919,29,0.0265,2
18,18,0.0,2.6157,4.6671,29,1.7658,0
17,1,0.9412,8.3655,8.526,11,0.1806,1
24,1,0.9583,11.7164,10.1845,16,0.1984,1
31,26,0.1613,4.9838,2.3166,16,1.937,0
23,16,0.3043,3.9658,2.753,30,1.4367,0
129,117,0.093,75.7823,44.2584,14,0.0199,2
134,108,0.194,31.5555,92.4046,25,0.0177,2
22,2,0.9091,9.4918,14.3684,19,0.1354,1
189,183,0.0317,43.0387,56.6784,16,0.0195,2
128,117,0.0859,56.4719,36.0639,10,0.0187,2
111,103,0.0721,67.615,58.1722,16,0.0232,2
35,30,0.1429,1.4043,1.1873,10,0.3193,0
17,10,0.4118,4.2487,0.9774,14,1.8548,0
111,99,0.1081,63.1412,52.4071,13,0.0229,2
30,30,0.0,4.6299,4.3734,28,1.5064,0
148,132,0.1081,89.0354,76.9928,19,0.0207,2
22,3,0.8636,10.1581,10.2012,30,0.1952,1
115,104,0.0957,45.4114,76.481,12,0.0296,2
89,71,0.2022,88.3737,39.8126,19,0.0293,2
164,136,0.1707,63.4504,47.7144,22,0.0271,2
37,34,0.0811,1.0511,1.6869,23,0.7516,0
31,31,0.0,1.2836,3.1474,18,1.4865,0
17,1,0.9412,8.0274,8.196,14,0.0502,1
142,118,0.169,42.1559,50.1136,23,0.0252,2
38,28,0.2632,1.308,1.9426,11,1.5869,0
23,2,0.913,10.3854,6.5754,19,0.164,1
115,106,0.0783,33.7277,34.4556,16,0.0177,2
125,104,0.168,93.1947,49.5833,13,0.0132,2
18,17,0.0556,1.4984,2.5108,26,0.7503,0
106,97,0.0849,95.2455,93.3195,21,0.0245,2
29,25,0.1379,4.7836,0.5284,11,1.8636,0
28,2,0.9286,9.708,14.116,24,0.1643,1
28,1,0.9643,9.0994,9.4215,16,0.1278,1
29,5,0.8276,10.3412,12.812,10,0.0975,1
178,145,0.1854,66.8965,63.7567,16,0.0113,2
95,91,0.0421,98.024,75.1151,29,0.0178,2
36,34,0.0556,2.4713,0.5692,14,0.8005,0
23,22,0.0435,2.9566,4.3836,16,1.3275,0
82,81,0.0122,75.0928,63.2293,26,0.0262,2
133,133,0.0,90.788,40.8332,23,0.0097,2
91,90,0.011,83.7101,75.5138,11,0.0169,2
181,152,0.1602,88.148,66.4283,26,0.0241,2
15,2,0.8667,5.7463,7.1104,15,0.1932,1
39,34,0.1282,2.8497,4.2736,15,1.6696,0
27,5,0.8148,14.4229,5.4653,19,0.1066,1
28,1,0.9643,12.8315,6.0314,23,0.1224,1
183,160,0.1257,66.4294,93.8468,12,0.0124,2
24,1,0.9583,8.5143,6.8416,11,0.0706,1
30,2,0.9333,14.2041,5.5634,23,0.1078,1
18,14,0.2222,2.951,1.9267,30,1.2725,0
147,123,0.1633,44.7658,43.494,13,0.0204,2
30,23,0.2333,0.856,4.8944,20,1.1153,0
29,1,0.9655,9.2866,11.5772,20,0.1759,1
15,13,0.1333,1.2585,4.2057,19,1.4183,0
29,21,0.2759,3.0381,4.5053,22,1.7559,0
16,11,0.3125,0.6358,4.6867,17,1.304,0
33,32,0.0303,0.7429,3.5743,22,1.4183,0
98,78,0.2041,47.1351,42.0347,22,0.0279,2
37,35,0.0541,3.6787,1.6502,10,0.8627,0
119,113,0.0504,84.5375,58.3633,29,0.0059,2
100,81,0.19,96.4278,62.6616,15,0.007,2
23,1,0.9565,14.7289,5.8484,19,0.097,1
163,138,0.1534,76.7823,49.8459,15,0.0235,2
16,2,0.875,8.2571,6.9525,16,0.0761,1
27,3,0.8889,13.4869,12.0014,18,0.1698,1
37,31,0.1622,4.165,3.4531,14,1.6893,0
89,83,0.0674,83.1872,67.1846,24,0.022,2
28,2,0.9286,10.8214,9.9381,21,0.1689,1
23,23,0.0,4.9845,2.6639,23,0.2847,0
105,100,0.0476,61.1124,41.3786,28,0.0247,2
20,3,0.85,9.3578,14.9097,15,0.1999,1
179,146,0.1844,37.8257,71.4171,23,0.0233,2
17,4,0.7647,10.6205,5.8473,20,0.1552,1
124,115,0.0726,30.1307,61.101,26,0.0152,2
17,4,0.7647,11.2136,8.8186,17,0.0612,1
19,1,0.9474,10.4241,9.3129,25,0.1016,1
38,34,0.1053,2.5544,2.8046,15,1.8069,0
23,14,0.3913,2.6724,2.2073,16,1.7579,0
27,26,0.037,2.3678,2.4332,25,1.867,0
16,1,0.9375,9.3971,12.8288,24,0.1675,1
168,161,0.0417,31.186,30.3891,24,0.0248,2
26,5,0.8077,11.1137,8.6543,11,0.1273,1
85,73,0.1412,88.0266,41.2961,29,0.0161,2
29,1,0.9655,6.0345,10.0439,29,0.0822,1
19,13,0.3158,4.3935,4.3512,11,0.7858,0
112,92,0.1786,81.3176,95.6593,28,0.0057,2
38,31,0.1842,3.7325,4.8948,26,0.4881,0
20,15,0.25,3.977,1.451,17,0.9186,0
82,66,0.1951,48.2527,75.5058,15,0.0293,2
30,3,0.9,13.6278,14.8116,10,0.0665,1
18,5,0.7222,9.2665,14.4922,13,0.0876,1
40,39,0.025,1.0249,4.7724,29,0.6542,0
141,127,0.0993,61.3945,96.2476,20,0.0203,2
28,23,0.1786,4.7331,4.373,19,1.3135,0
21,18,0.1429,1.8592,4.5223,14,1.7479,0
181,179,0.011,43.2505,65.2397,25,0.0199,2
198,189,0.0455,48.5581,87.7428,17,0.0235,2
28,22,0.2143,2.6647,2.9329,14,0.3964,0
24,22,0.0833,1.5635,4.6753,26,1.2622,0
25,21,0.16,3.1075,2.1868,24,0.5059,0
17,3,0.8235,14.6425,8.6182,21,0.1155,1
20,2,0.9,9.441,6.2267,19,0.0665,1
116,94,0.1897,94.2944,38.2291,30,0.0103,2
20,3,0.85,7.965,12.7567,11,0.1566,1
192,153,0.2031,33.2905,52.9658,29,0.0231,2
35,33,0.0571,1.491,3.3501,17,0.7367,0
18,4,0.7778,10.3053,12.632,19,0.0511,1
120,119,0.0083,60.1405,65.0158,27,0.0231,2
174,141,0.1897,90.2308,99.9941,28,0.015,2
33,33,0.0,0.8562,1.4566,17,0.4599,0
25,1,0.96,11.6377,8.4715,30,0.1977,1
178,175,0.0169,47.1845,57.9824,16,0.0065,2
198,186,0.0606,58.5367,31.261,12,0.0248,2
22,13,0.4091,2.6674,0.6924,22,0.8876,0
18,13,0.2778,0.8157,0.6744,13,1.9014,0
17,11,0.3529,0.5273,3.0785,23,1.2173,0
18,4,0.7778,10.7757,5.5481,11,0.1268,1
21,5,0.7619,14.1525,10.5192,21,0.1561,1
110,89,0.1909,41.4,62.9825,19,0.0145,2
16,14,0.125,4.0588,2.1172,23,0.656,0
168,144,0.1429,68.4469,52.5244,27,0.0054,2
18,13,0.2778,2.667,1.3268,16,1.5152,0
91,86,0.0549,39.9696,78.7662,17,0.0149,2
29,5,0.8276,11.6205,8.4842,18,0.0945,1
80,69,0.1375,35.4119,41.2386,21,0.0235,2
16,14,0.125,1.675,0.7908,25,1.5699,0
21,2,0.9048,11.8708,5.0817,27,0.1663,1
28,3,0.8929,13.8258,10.9542,24,0.1631,1
16,5,0.6875,11.4624,14.0986,17,0.1151,1
81,67,0.1728,64.7624,73.285,16,0.0242,2
24,4,0.8333,6.2835,12.0456,21,0.1096,1
163,154,0.0552,48.0922,40.0806,20,0.0261,2
166,140,0.1566,82.8308,50.2834,21,0.0194,2
34,32,0.0588,3.5215,2.1137,30,1.2168,0
18,5,0.7222,7.6915,10.298,27,0.1153,1
146,122,0.1644,52.6026,39.6789,23,0.023,2
130,105,0.1923,63.2024,98.0843,26,0.0164,2
188,181,0.0372,74.1769,30.545,22,0.0203,2
188,171,0.0904,88.2545,72.741,26,0.0173,2
17,2,0.8824,13.8816,10.7914,22,0.0736,1
146,137,0.0616,85.8839,47.2192,21,0.015,2
87,79,0.092,87.5843,82.4296,20,0.03,2
30,27,0.1,4.1541,4.8489,22,1.5134,0
17,13,0.2353,3.6746,2.1469,30,1.2115,0
24,2,0.9167,8.0659,13.4562,27,0.1991,1
115,92,0.2,60.7627,56.7862,17,0.0201,2
22,4,0.8182,6.1779,5.9098,11,0.1295,1
164,134,0.1829,44.6159,62.7672,19,0.0071,2
28,5,0.8214,8.3839,13.5154,13,0.1808,1
19,11,0.4211,2.7649,4.8409,15,0.2693,0
101,99,0.0198,95.85,39.2496,15,0.0263,2
18,2,0.8889,8.5812,14.0592,14,0.1076,1
186,183,0.0161,76.6918,35.574,29,0.0215,2
196,175,0.1071,48.0448,52.756,19,0.0231,2
19,1,0.9474,11.9802,8.0325,12,0.1005,1
19,16,0.1579,4.6366,4.8466,15,1.7551,0
21,21,0.0,4.6505,1.9753,14,1.6149,0
140,118,0.1571,56.6723,53.9023,26,0.0061,2
168,141,0.1607,53.1293,89.2754,11,0.0198,2
37,29,0.2162,4.7011,3.9569,19,0.8896,0
89,87,0.0225,72.7304,92.2269,25,0.0196,2
27,1,0.963,10.8813,7.468,26,0.1431,1
25,2,0.92,11.8653,14.5144,13,0.1477,1
28,3,0.8929,12.2236,8.9323,10,0.1776,1
37,24,0.3514,4.449,4.4568,17,0.2944,0
24,18,0.25,4.9013,4.1955,25,0.7656,0
25,17,0.32,2.6713,3.0617,20,1.1546,0
21,16,0.2381,2.9022,4.4658,15,1.2815,0
26,3,0.8846,11.2095,12.0646,29,0.1459,1
163,148,0.092,65.322,49.4024,16,0.0223,2
18,2,0.8889,13.8343,11.2981,29,0.0631,1
22,18,0.1818,4.4847,1.1013,26,0.825,0
84,74,0.119,73.2348,59.4231,22,0.0205,2
29,27,0.069,4.6287,2.7569,16,1.7806,0
28,4,0.8571,8.4593,14.8421,20,0.1019,1
91,84,0.0769,41.9163,91.4672,15,0.0205,2
18,2,0.8889,8.0128,9.5434,25,0.0906,1
131,108,0.1756,84.4719,34.3701,14,0.013,2
136,109,0.1985,82.5443,87.8671,15,0.0253,2
18,5,0.7222,11.6202,6.0749,21,0.1722,1
180,149,0.1722,69.7331,60.3692,27,0.0253,2
17,5,0.7059,10.2278,8.2553,28,0.134,1
18,5,0.7222,10.8456,9.1426,26,0.1363,1
98,93,0.051,63.2176,34.5825,25,0.0083,2
147,141,0.0408,58.0179,74.7584,29,0.0111,2
98,94,0.0408,85.8017,91.675,16,0.0071,2
19,5,0.7368,11.7599,13.7183,23,0.0542,1
21,18,0.1429,1.8576,4.1857,27,1.8532,0
15,5,0.6667,13.3844,6.0586,16,0.1828,1
87,84,0.0345,85.2369,85.5858,30,0.0215,2
145,126,0.131,90.1708,97.9793,27,0.0222,2
25,20,0.2,1.6647,1.3334,30,1.3092,0
28,18,0.3571,0.864,2.8948,27,0.5726,0
83,70,0.1566,78.6581,44.981,16,0.0069,2
180,161,0.1056,84.1631,64.1552,13,0.0152,2
20,4,0.8,11.1239,5.6158,26,0.1214,1
105,100,0.0476,92.2254,99.5803,21,0.0152,2
37,22,0.4054,2.2138,3.8085,14,1.6032,0
150,138,0.08,91.7538,71.6274,25,0.017,2
26,19,0.2692,3.7965,4.1734,21,1.822,0
130,104,0.2,90.8482,37.9166,13,0.0269,2
194,169,0.1289,94.1094,33.4114,22,0.0167,2
182,169,0.0714,79.6088,67.9498,28,0.0176,2
25,23,0.08,0.5029,3.5403,18,0.5011,0
103,92,0.1068,53.4902,67.4701,18,0.0204,2
98,85,0.1327,97.2624,97.8472,24,0.006,2
143,132,0.0769,68.2543,88.3797,21,0.0078,2
21,3,0.8571,7.1178,14.1476,15,0.1679,1
20,5,0.75,6.5096,9.508,26,0.1459,1
174,167,0.0402,97.7794,45.9718,25,0.0246,2
126,124,0.0159,45.3944,36.9693,26,0.025,2
37,37,0.0,1.2053,2.8568,10,1.0106,0
36,36,0.0,3.0262,0.8213,29,1.8591,0
152,124,0.1842,58.8888,60.1427,15,0.0261,2
40,40,0.0,4.7047,0.6487,26,1.3873,0
19,5,0.7368,13.7272,5.5739,19,0.194,1
195,185,0.0513,94.0844,56.9579,12,0.0169,2
21,17,0.1905,2.7048,2.4048,29,0.4446,0
28,1,0.9643,14.3743,8.4806,26,0.1494,1
171,162,0.0526,36.6735,40.9732,13,0.0173,2
106,95,0.1038,83.8833,64.9366,10,0.0235,2
27,2,0.9259,14.898,8.9827,14,0.1921,1
116,93,0.1983,45.9657,74.0375,19,0.0282,2
31,18,0.4194,2.1784,3.5073,21,1.8527,0
33,31,0.0606,0.5734,3.6677,26,1.8653,0
15,11,0.2667,4.3388,4.5342,29,0.8133,0
19,18,0.0526,3.2117,2.075,11,1.4899,0
19,1,0.9474,12.7026,7.9149,17,0.1598,1
36,36,0.0,1.8962,1.7738,13,1.2131,0
175,173,0.0114,79.3632,86.8783,29,0.0167,2
35,31,0.1143,3.0137,3.3078,30,0.556,0
161,138,0.1429,53.1951,30.8148,15,0.0205,2
161,159,0.0124,91.4672,57.8899,19,0.0219,2
179,152,0.1508,45.1726,38.6247,21,0.0106,2
26,21,0.1923,1.2037,3.5191,17,0.6207,0
15,2,0.8667,9.4808,8.4815,13,0.1257,1
25,23,0.08,4.2422,2.3975,15,0.4162,0
24,18,0.25,4.1006,2.1216,27,1.4734,0
30,27,0.1,2.0082,3.9447,22,0.7786,0
19,12,0.3684,1.7404,2.0201,20,1.0616,0
94,91,0.0319,43.047,40.9629,10,0.011,2
109,93,0.1468,51.8417,56.206,10,0.0145,2
30,18,0.4,1.0475,2.6005,16,1.4069,0
34,29,0.1471,1.2468,4.5095,27,1.7707,0
15,1,0.9333,14.9657,7.4511,22,0.0579,1
15,4,0.7333,14.1654,8.1778,12,0.1117,1
19,2,0.8947,5.6246,14.47,18,0.1045,1
23,20,0.1304,2.4587,3.7716,22,1.5042,0
21,1,0.9524,10.2825,5.1692,15,0.0636,1
22,1,0.9545,14.1298,12.0514,21,0.1027,1
193,159,0.1762,49.8613,87.4542,29,0.0232,2
150,133,0.1133,88.9927,65.8289,13,0.0202,2
40,38,0.05,0.7814,1.6454,27,0.3753,0
19,3,0.8421,5.2926,10.1254,10,0.073,1
26,4,0.8462,7.2745,12.4089,22,0.1221,1
24,3,0.875,13.0999,14.318,24,0.0624,1
142,135,0.0493,51.1238,87.2959,21,0.0195,2
36,33,0.0833,2.7789,4.2149,30,0.862,0
164,151,0.0793,87.8257,38.75,22,0.0081,2
29,28,0.0345,4.2888,1.8557,15,0.9122,0
16,1,0.9375,9.9522,8.9426,14,0.0523,1
26,26,0.0,3.6199,3.3477,21,0.2179,0
33,32,0.0303,4.7617,3.3174,24,0.2375,0
37,24,0.3514,4.828,3.0947,22,1.5157,0
128,111,0.1328,61.2021,97.679,17,0.0135,2
39,26,0.3333,3.182,1.3903,22,0.7642,0
27,22,0.1852,2.2332,2.6808,25,1.1061,0
26,2,0.9231,13.7067,11.4899,19,0.1648,1
36,27,0.25,3.8577,1.8487,20,0.8723,0
20,3,0.85,14.0647,11.1499,13,0.0603,1
19,15,0.2105,1.8631,3.5349,20,0.5674,0
20,13,0.35,3.5639,3.6343,18,1.9425,0
158,154,0.0253,55.4463,41.4579,22,0.0099,2
23,1,0.9565,9.5938,8.1445,13,0.1383,1
127,102,0.1969,73.7968,52.9822,27,0.0095,2
194,169,0.1289,66.7427,43.1259,19,0.0269,2
96,76,0.2083,36.4847,43.5788,19,0.0153,2
176,141,0.1989,50.2778,48.7641,27,0.0143,2
26,4,0.8462,9.7801,13.0014,15,0.1787,1
27,5,0.8148,7.1854,13.3757,27,0.1882,1
156,124,0.2051,74.1719,48.1248,14,0.0229,2
182,172,0.0549,90.7556,37.3929,11,0.0261,2
22,21,0.0455,4.0913,0.5062,19,1.6031,0
16,14,0.125,1.1768,1.4835,28,1.7167,0
33,30,0.0909,2.379,4.0713,28,0.7989,0
23,5,0.7826,12.5808,8.0962,24,0.058,1
166,145,0.1265,39.4206,64.1066,18,0.0074,2
26,19,0.2692,3.6257,0.6705,15,1.5609,0
23,3,0.8696,8.6652,9.5171,27,0.0526,1
157,126,0.1975,89.3402,48.889,11,0.022,2
33,23,0.303,4.3175,1.6206,11,0.252,0
28,22,0.2143,4.5584,0.8645,14,1.9551,0
137,116,0.1533,79.4351,56.409,18,0.0233,2
83,72,0.1325,37.8467,68.1231,11,0.0128,2
25,21,0.16,2.3477,4.5346,13,1.8498,0
192,173,0.099,80.0871,49.8472,12,0.0124,2
15,12,0.2,4.7037,2.2784,17,1.0058,0
23,5,0.7826,14.9938,7.4742,23,0.0804,1
119,104,0.1261,37.7258,91.6548,12,0.0142,2
153,135,0.1176,96.4934,92.1183,26,0.0207,2
38,25,0.3421,1.4074,4.7974,29,1.0884,0
99,90,0.0909,83.6108,91.9233,23,0.0057,2
24,1,0.9583,7.1548,8.2746,30,0.0507,1
15,13,0.1333,3.6715,4.2774,30,0.5321,0
28,21,0.25,1.8294,1.4465,14,1.9028,0
39,39,0.0,3.0516,3.6364,10,1.747,0
20,3,0.85,11.8473,11.6212,24,0.171,1
18,2,0.8889,14.3127,12.0398,17,0.1584,1
26,18,0.3077,4.7574,2.1723,12,0.4603,0
108,86,0.2037,70.6134,45.455,12,0.0078,2
30,1,0.9667,6.4478,5.4192,26,0.0761,1
30,4,0.8667,14.0335,9.6287,28,0.1061,1
16,2,0.875,6.9932,12.5615,27,0.0807,1
29,3,0.8966,10.2859,5.1692,12,0.0778,1
29,4,0.8621,13.8511,14.2977,23,0.0569,1
15,15,0.0,4.108,4.4957,25,1.6577,0
39,23,0.4103,1.2985,2.8079,29,1.7037,0
19,13,0.3158,1.6874,2.9619,20,1.3756,0
27,2,0.9259,14.9324,14.5566,29,0.1054,1
31,22,0.2903,1.9849,3.4213,17,0.6526,0
25,19,0.24,3.0382,4.1113,18,0.7219,0
21,4,0.8095,7.6811,5.234,10,0.0963,1
19,5,0.7368,7.9174,9.5808,30,0.1946,1
89,74,0.1685,53.6167,94.2827,23,0.0125,2
22,19,0.1364,2.2215,4.12,11,1.2646,0
90,81,0.1,78.3842,41.5547,30,0.0061,2
20,13,0.35,0.8511,1.4437,16,1.0034,0
17,15,0.1176,4.19,4.5596,20,0.2571,0
29,5,0.8276,7.0812,9.1723,14,0.0659,1
113,94,0.1681,76.7985,86.2615,15,0.0194,2
28,5,0.8214,8.6986,11.4529,10,0.1771,1
21,13,0.381,2.9987,3.8346,19,1.0877,0
28,21,0.25,2.3753,4.1568,19,0.4411,0
26,19,0.2692,1.685,1.7706,30,1.5928,0
181,172,0.0497,89.0436,59.8224,13,0.0276,2
191,158,0.1728,79.083,35.4025,27,0.0247,2
28,1,0.9643,8.3469,7.472,13,0.1451,1
23,23,0.0,0.7137,1.2026,28,1.2396,0
29,4,0.8621,14.906,6.6593,11,0.1182,1
22,14,0.3636,0.6335,2.2584,13,1.9628,0
16,10,0.375,2.2616,1.0643,18,1.8116,0
30,22,0.2667,2.8234,3.593,16,1.3697,0
21,5,0.7619,11.2365,8.0232,22,0.0717,1
27,3,0.8889,12.0441,8.3599,25,0.1005,1
196,175,0.1071,34.2324,59.7448,29,0.0052,2
23,2,0.913,6.2972,14.2877,30,0.119,1
28,2,0.9286,10.133,5.1503,14,0.0797,1
158,132,0.1646,81.4923,47.4391,26,0.0204,2
165,152,0.0788,89.7361,33.2252,20,0.0105,2
27,3,0.8889,12.0085,14.574,18,0.1966,1
92,87,0.0543,79.1216,81.883,21,0.0132,2
25,4,0.84,7.5972,14.522,25,0.0515,1
39,23,0.4103,4.9681,2.5131,24,1.7371,0
37,34,0.0811,1.8807,0.9693,11,1.6487,0
35,29,0.1714,3.6213,2.6744,12,1.4494,0
15,14,0.0667,1.6744,4.5798,28,1.1293,0
29,1,0.9655,12.914,13.8443,30,0.1397,1
40,24,0.4,4.2305,3.7887,10,1.1312,0
28,4,0.8571,9.9319,5.0683,20,0.1178,1
131,126,0.0382,34.257,37.3166,24,0.0292,2
18,5,0.7222,13.882,8.4237,14,0.1323,1
25,4,0.84,11.1627,7.1399,26,0.0676,1
36,21,0.4167,2.5014,4.1799,12,0.2923,0
24,19,0.2083,3.7181,3.6466,28,1.4435,0
129,123,0.0465,63.7245,94.6722,21,0.0221,2
17,15,0.1176,4.9095,2.6144,29,0.8355,0
40,29,0.275,3.9094,0.9319,10,0.9576,0
31,25,0.1935,4.2196,3.2945,24,1.1919,0
177,176,0.0056,80.8764,89.3857,23,0.0191,2
17,1,0.9412,7.8777,11.2288,15,0.1574,1
35,34,0.0286,2.9592,1.0512,14,1.8801,0
156,130,0.1667,85.8558,33.6516,10,0.0108,2
18,14,0.2222,4.303,1.7058,25,1.7714,0
24,3,0.875,6.9546,10.8636,13,0.1996,1
15,3,0.8,6.1195,9.1806,22,0.1752,1
31,21,0.3226,1.6791,4.3896,12,0.4982,0
19,17,0.1053,1.152,1.926,11,0.9957,0
130,115,0.1154,49.7525,30.3656,10,0.0193,2
23,4,0.8261,14.8302,6.0309,29,0.1778,1
83,75,0.0964,84.6032,31.3255,19,0.0148,2
28,4,0.8571,13.5786,7.9885,22,0.1352,1
25,1,0.96,13.3338,11.3646,17,0.1502,1
28,3,0.8929,14.7004,12.552,23,0.0905,1
23,23,0.0,0.7971,2.38,24,0.4977,0
20,5,0.75,8.9805,11.5271,16,0.19,1
188,163,0.133,84.1043,48.042,29,0.0249,2
131,129,0.0153,34.4103,98.9335,15,0.0274,2
33,19,0.4242,1.5211,0.9173,22,0.4959,0
155,145,0.0645,43.0235,95.45,14,0.0163,2
26,19,0.2692,4.3861,1.8624,18,0.8973,0
28,1,0.9643,5.7423,13.483,16,0.1156,1
34,31,0.0882,1.9269,3.9626,23,1.7048,0
23,1,0.9565,13.6415,5.4632,25,0.1634,1
144,115,0.2014,31.6869,98.8357,17,0.0076,2
25,1,0.96,10.3072,13.2666,30,0.0805,1
105,84,0.2,88.6404,94.7731,11,0.0099,2
25,1,0.96,6.2604,5.4362,17,0.1051,1
15,2,0.8667,7.6763,12.3279,29,0.0751,1
114,111,0.0263,34.1725,83.379,21,0.0219,2
23,2,0.913,12.621,9.6905,14,0.107,1
16,13,0.1875,4.0831,4.7554,30,1.5585,0
168,134,0.2024,74.1673,31.0445,18,0.0158,2
28,25,0.1071,4.6317,2.2181,17,1.6325,0
15,10,0.3333,4.2485,2.5457,11,1.7373,0
15,1,0.9333,6.4541,12.4018,11,0.1137,1
15,5,0.6667,11.2076,8.1088,16,0.1582,1
29,4,0.8621,13.812,8.9014,22,0.0761,1
35,35,0.0,3.9456,1.6571,29,0.5296,0
129,118,0.0853,75.51,65.9557,25,0.0158,2
20,5,0.75,6.0317,11.2977,16,0.1262,1
20,14,0.3,2.8837,1.9848,29,0.3917,0
18,17,0.0556,1.4552,3.6412,16,1.5946,0
21,4,0.8095,11.7694,11.8409,11,0.0905,1
30,26,0.1333,2.9363,2.1865,29,1.6418,0
19,4,0.7895,9.6266,13.3142,22,0.1895,1
124,116,0.0645,72.2754,34.8829,20,0.0205,2
32,30,0.0625,1.1048,2.2965,25,1.1704,0
178,172,0.0337,53.2136,31.9652,22,0.0079,2
31,29,0.0645,2.1174,3.8653,23,1.6348,0
26,3,0.8846,12.5638,10.3642,13,0.1501,1
15,1,0.9333,7.1626,5.8108,15,0.1417,1
26,2,0.9231,8.9599,9.5263,28,0.1139,1
19,12,0.3684,4.5128,4.7903,24,1.3406,0
20,2,0.9,13.8232,8.7071,19,0.1058,1
20,12,0.4,0.8373,1.6502,21,0.5515,0
27,21,0.2222,2.5928,4.6378,26,1.8184,0
19,16,0.1579,1.8164,2.8701,29,1.6577,0
29,1,0.9655,6.3537,7.276,19,0.0796,1
16,4,0.75,11.5112,9.5479,10,0.1716,1
162,159,0.0185,97.6117,68.4284,20,0.0091,2
28,3,0.8929,9.3716,11.8083,28,0.0757,1
35,21,0.4,2.5705,3.3565,17,1.3397,0
18,10,0.4444,2.5344,2.5483,10,1.2271,0
96,83,0.1354,95.3656,42.6136,29,0.0079,2
22,4,0.8182,5.2749,10.2443,26,0.1107,1
26,18,0.3077,1.5427,1.7435,20,1.3165,0
154,149,0.0325,46.3553,88.657,18,0.0152,2
17,10,0.4118,1.4721,3.3303,19,0.5891,0
158,134,0.1519,72.7983,96.7515,29,0.0083,2
34,32,0.0588,2.5397,4.6305,12,0.894,0
131,125,0.0458,91.3721,86.6388,20,0.0109,2
25,1,0.96,7.1147,6.2958,30,0.1149,1
116,110,0.0517,71.7523,45.1465,12,0.0162,2
118,114,0.0339,35.7045,44.6203,10,0.0108,2
198,163,0.1768,39.8938,88.5806,22,0.0237,2
30,1,0.9667,9.1811,12.083,14,0.1852,1
30,2,0.9333,13.2646,10.865,21,0.0937,1
27,4,0.8519,7.2524,13.9199,19,0.1171,1
182,149,0.1813,91.4005,69.9309,18,0.0232,2
156,156,0.0,58.582,68.0236,23,0.0267,2
199,194,0.0251,62.9074,70.3936,28,0.0238,2
25,21,0.16,2.5838,0.8056,27,1.7938,0
126,100,0.2063,95.1158,46.708,13,0.0138,2
28,3,0.8929,10.8679,12.0482,18,0.0996,1
31,26,0.1613,3.907,1.8102,15,1.7496,0
31,23,0.2581,2.3608,2.1425,25,1.4018,0
22,21,0.0455,0.8088,3.8933,11,1.2226,0
26,1,0.9615,5.273,8.8117,17,0.1724,1
29,23,0.2069,0.5413,0.6422,16,1.052,0
92,84,0.087,33.8243,85.4622,16,0.0255,2
39,29,0.2564,4.6615,1.2296,25,1.8675,0
40,26,0.35,0.5191,4.2805,17,0.6416,0
27,1,0.963,13.6948,7.9464,23,0.127,1
16,11,0.3125,1.852,2.5266,12,1.0249,0
23,18,0.2174,0.9954,3.4903,13,0.7657,0
16,16,0.0,2.5021,1.2973,12,0.7801,0
159,133,0.1635,69.2153,84.6001,29,0.0191,2
130,129,0.0077,96.4153,82.7613,12,0.0139,2
17,2,0.8824,5.3576,6.0829,18,0.1817,1
25,5,0.8,7.0359,5.3727,20,0.1549,1
20,18,0.1,1.6112,2.3452,10,1.8733,0
151,143,0.053,83.872,44.6448,14,0.0257,2
140,131,0.0643,82.7838,99.8697,22,0.0285,2
27,1,0.963,12.9632,5.5161,18,0.0557,1
146,129,0.1164,89.4698,50.8662,12,0.0245,2
15,2,0.8667,13.6329,9.1246,11,0.1635,1
23,2,0.913,5.5875,9.6341,29,0.0557,1
26,4,0.8462,11.0444,9.3091,24,0.1985,1
27,5,0.8148,6.8648,10.6573,22,0.1924,1
179,152,0.1508,92.0557,56.1147,18,0.0092,2
21,19,0.0952,3.0255,3.988,28,1.8941,0
194,159,0.1804,67.9898,33.1528,10,0.0115,2
104,101,0.0288,69.0177,84.7992,26,0.0197,2
124,108,0.129,33.4721,47.9305,30,0.0169,2
23,15,0.3478,4.6624,4.5982,12,1.5471,0
19,19,0.0,1.5639,1.8795,21,1.364,0
17,5,0.7059,7.2461,12.1971,29,0.1882,1
145,132,0.0897,58.7405,88.8195,11,0.0132,2
170,162,0.0471,93.7983,74.4994,22,0.0083,2
25,18,0.28,2.3784,1.3659,27,1.9311,0
19,2,0.8947,5.8335,6.0648,23,0.1591,1
23,1,0.9565,13.0848,10.4013,23,0.191,1
26,3,0.8846,5.5955,5.9985,24,0.1986,1
24,3,0.875,6.0298,6.0881,11,0.0697,1
184,181,0.0163,54.6219,85.8002,13,0.0233,2
199,191,0.0402,79.655,39.4598,23,0.0101,2
168,135,0.1964,85.2262,32.7235,27,0.0068,2
126,103,0.1825,95.2533,33.961,19,0.0181,2
200,184,0.08,57.3646,64.2439,16,0.0096,2
23,5,0.7826,14.2387,11.4208,15,0.0812,1
136,135,0.0074,56.3715,39.2955,16,0.0176,2
95,77,0.1895,57.148,35.9825,19,0.0077,2
83,70,0.1566,38.2695,92.7246,13,0.0224,2
15,5,0.6667,5.3013,10.8054,11,0.085,1
26,24,0.0769,3.1998,3.9672,20,1.6687,0
152,121,0.2039,64.0113,92.0364,21,0.0212,2
20,16,0.2,1.1454,3.2384,29,0.6578,0
188,168,0.1064,71.5994,73.7735,21,0.0272,2
23,21,0.087,2.5659,4.6642,27,1.035,0
15,10,0.3333,2.8691,1.7434,26,0.3847,0
36,32,0.1111,3.3497,1.5597,19,1.3608,0
26,19,0.2692,4.6094,4.6326,28,0.6873,0
19,16,0.1579,4.2813,2.6819,23,1.373,0
89,72,0.191,72.9927,73.4677,28,0.0282,2
177,154,0.1299,68.9308,35.8123,15,0.0138,2
15,3,0.8,10.2766,14.3233,21,0.0962,1
159,136,0.1447,53.27,53.5668,28,0.0247,2
39,36,0.0769,1.9053,0.6574,20,1.0931,0
18,14,0.2222,3.2513,4.8122,10,1.6666,0
19,2,0.8947,12.4383,11.0144,19,0.1429,1
126,113,0.1032,68.2128,38.3107,22,0.0085,2
34,32,0.0588,1.3387,1.671,24,1.769,0
37,29,0.2162,4.6301,4.417,27,0.6239,0
16,1,0.9375,5.696,14.9779,25,0.1341,1
28,4,0.8571,7.3078,12.8693,20,0.1995,1
19,3,0.8421,14.9176,5.0819,29,0.0704,1
136,117,0.1397,53.0831,64.3366,30,0.0256,2
25,5,0.8,12.7024,5.0628,22,0.1472,1
38,27,0.2895,3.3387,4.7258,20,1.7123,0
94,92,0.0213,32.6262,56.9059,19,0.0297,2
181,160,0.116,83.1844,55.7347,28,0.0182,2
173,162,0.0636,93.2394,66.4668,16,0.0299,2
191,180,0.0576,94.5022,73.6013,10,0.013,2
197,157,0.203,43.8152,97.2332,16,0.0165,2
34,32,0.0588,4.136,2.9567,13,1.3145,0
32,28,0.125,4.5255,3.6142,18,1.1208,0
155,129,0.1677,47.6983,50.672,18,0.0051,2
29,3,0.8966,12.6963,13.9647,10,0.0822,1
23,3,0.8696,6.2741,9.0731,22,0.1959,1
18,14,0.2222,1.0639,2.4352,13,1.0178,0
25,18,0.28,1.9653,3.7156,19,0.6774,0
128,124,0.0312,33.144,87.2745,10,0.0282,2
113,91,0.1947,78.2286,63.7439,19,0.0291,2
25,15,0.4,3.8343,3.9706,13,0.9803,0
21,2,0.9048,7.4008,10.66,13,0.179,1
28,2,0.9286,14.3023,14.1223,12,0.0801,1
25,5,0.8,10.216,14.7939,30,0.1175,1
22,4,0.8182,6.692,9.6243,24,0.1386,1
100,94,0.06,77.1494,31.9395,22,0.0245,2
85,76,0.1059,62.666,31.7039,19,0.0109,2
193,154,0.2021,58.5736,49.8788,12,0.0074,2
156,150,0.0385,66.2123,45.9476,24,0.0181,2
37,33,0.1081,4.819,1.8987,18,1.5902,0
21,13,0.381,2.4941,1.4218,11,1.0074,0
115,96,0.1652,95.6068,55.3882,11,0.0064,2
37,26,0.2973,2.4918,4.2173,27,1.6615,0
34,20,0.4118,0.609,1.5232,26,1.668,0
21,14,0.3333,2.9002,1.2093,12,1.0664,0
30,3,0.9,11.6144,10.2399,27,0.0725,1
22,5,0.7727,5.4844,7.186,30,0.0638,1
196,174,0.1122,74.9267,75.1143,16,0.0192,2
200,169,0.155,68.2173,73.4948,11,0.0059,2
19,16,0.1579,4.0938,1.0438,20,1.4963,0
20,2,0.9,6.8846,6.5019,11,0.0809,1
22,13,0.4091,4.9951,2.0164,22,1.8036,0
22,17,0.2273,3.8393,0.6884,19,1.7752,0
38,35,0.0789,1.4294,3.7484,23,1.8606,0
28,4,0.8571,13.2325,9.5033,29,0.1473,1
174,159,0.0862,78.6521,59.6001,23,0.0133,2
89,72,0.191,30.1519,83.6316,25,0.0116,2
32,28,0.125,3.5874,2.6973,12,1.9852,0
140,134,0.0429,99.3578,79.1364,16,0.0234,2
116,94,0.1897,90.8647,66.3645,13,0.013,2
121,111,0.0826,98.7648,65.1148,10,0.0252,2
16,9,0.4375,1.3076,2.2554,12,0.8936,0
40,31,0.225,4.8741,3.4956,21,0.411,0
128,125,0.0234,63.9634,44.3306,23,0.0168,2
29,2,0.931,14.4337,7.3534,29,0.0798,1
15,5,0.6667,11.0912,7.0829,11,0.0645,1
81,66,0.1852,92.5375,30.6491,30,0.0169,2
24,1,0.9583,12.7562,5.9577,12,0.1425,1
20,3,0.85,10.2859,9.3731,27,0.0653,1
29,2,0.931,10.3998,13.9771,23,0.1678,1
28,3,0.8929,11.1819,11.2418,20,0.131,1
17,15,0.1176,4.5936,3.8596,17,0.6409,0
148,127,0.1419,73.5926,40.0066,13,0.0267,2
98,98,0.0,85.373,51.3784,21,0.0192,2
16,3,0.8125,11.8344,10.7349,30,0.1643,1
200,175,0.125,94.8688,36.6472,30,0.0191,2
184,171,0.0707,41.2718,74.2201,17,0.0259,2
101,86,0.1485,49.3332,71.06,28,0.0285,2
123,109,0.1138,99.1936,67.541,25,0.0157,2
30,19,0.3667,4.4078,1.9608,29,0.5938,0
27,1,0.963,6.3279,5.738,26,0.0538,1
152,134,0.1184,48.7517,35.7164,15,0.0079,2
26,1,0.9615,9.4381,8.2408,24,0.1055,1
17,2,0.8824,8.8128,13.703,23,0.1463,1
22,19,0.1364,2.8168,2.2748,22,0.4686,0
23,3,0.8696,9.4034,13.6466,12,0.078,1
158,151,0.0443,81.1215,74.5096,28,0.0239,2
85,70,0.1765,52.531,34.8959,18,0.0079,2
15,3,0.8,8.8307,5.5327,25,0.1156,1
25,1,0.96,6.0411,11.2902,23,0.1106,1
136,135,0.0074,81.6518,40.3823,14,0.0139,2
21,20,0.0476,2.0854,4.391,14,0.815,0
34,22,0.3529,2.0297,3.0408,24,1.4814,0
24,1,0.9583,7.3825,8.8611,25,0.1432,1
184,167,0.0924,79.3006,42.5854,20,0.0159,2
18,13,0.2778,2.42,0.5725,24,1.453,0
23,1,0.9565,9.0803,6.8024,19,0.0958,1
147,131,0.1088,66.1419,51.3189,17,0.0265,2
19,3,0.8421,7.8879,5.1631,27,0.0624,1
18,16,0.1111,2.3767,4.88,26,1.8514,0
29,18,0.3793,3.7331,1.8576,17,0.3978,0
19,11,0.4211,2.7786,3.264,23,1.2609,0
29,23,0.2069,3.3954,1.55,21,0.9474,0
23,20,0.1304,3.6155,0.6869,11,0.6001,0
189,153,0.1905,33.4625,33.6385,18,0.0284,2
36,36,0.0,3.9912,0.5532,25,0.5787,0
27,5,0.8148,9.9262,9.2375,29,0.1463,1
85,78,0.0824,40.1979,60.1279,26,0.0256,2
25,4,0.84,13.3916,13.3806,23,0.0536,1
144,136,0.0556,31.7693,81.9565,18,0.0263,2
20,1,0.95,9.5264,6.1747,12,0.194,1
21,12,0.4286,2.5193,2.2137,17,0.6351,0
33,21,0.3636,3.1386,1.8207,23,1.9332,0
29,1,0.9655,14.6981,9.0503,25,0.1429,1
34,21,0.3824,0.6206,4.1656,12,0.7975,0
89,75,0.1573,46.2039,64.2017,24,0.0192,2
26,4,0.8462,7.9124,12.1821,19,0.0908,1
34,29,0.1471,4.2229,1.2176,30,0.2248,0
37,25,0.3243,3.1083,3.3388,16,1.0385,0
27,3,0.8889,14.0574,7.735,21,0.0568,1
139,115,0.1727,98.6483,99.656,13,0.0266,2
159,142,0.1069,36.5708,66.1433,21,0.0258,2
123,109,0.1138,96.8887,97.985,26,0.0292,2
25,1,0.96,12.7335,13.2181,28,0.1479,1
185,180,0.027,91.407,84.1361,13,0.0071,2
40,29,0.275,4.5211,4.0066,26,0.6111,0
16,12,0.25,4.3802,2.489,11,0.7976,0
111,108,0.027,89.555,84.708,29,0.0285,2
15,4,0.7333,13.3645,8.992,22,0.086,1
194,155,0.201,30.5094,82.4163,26,0.0298,2
29,18,0.3793,4.4823,2.5641,16,0.7804,0
155,133,0.1419,72.4486,73.2114,21,0.016,2
32,19,0.4062,4.0705,4.1546,19,1.6059,0
27,2,0.9259,6.5081,6.8471,30,0.1294,1
23,2,0.913,14.1241,9.8842,21,0.1301,1
166,135,0.1867,75.1098,66.6003,17,0.0278,2
27,1,0.963,13.6687,9.9443,29,0.0796,1
87,84,0.0345,90.4413,99.9238,17,0.0176,2
39,33,0.1538,2.6102,4.8479,24,1.8167,0
23,16,0.3043,4.8455,0.8548,15,1.7474,0
39,37,0.0513,1.4735,0.885,22,0.6899,0
31,26,0.1613,4.0161,1.2149,12,1.6274,0
146,142,0.0274,76.0342,38.95,28,0.0216,2
21,16,0.2381,3.4528,3.3781,22,0.9128,0
100,83,0.17,96.768,69.2584,23,0.0226,2
31,26,0.1613,2.7322,4.5791,30,0.5518,0
22,2,0.9091,12.2397,6.593,21,0.1966,1
28,5,0.8214,6.1843,14.5983,27,0.064,1
196,163,0.1684,48.9919,67.4183,15,0.02,2
86,73,0.1512,43.5331,55.0815,18,0.0083,2
124,105,0.1532,95.8119,94.8494,12,0.0119,2
189,182,0.037,65.7434,49.017,15,0.0297,2
32,21,0.3438,3.2759,2.2181,17,1.2021,0
17,2,0.8824,5.4447,9.2034,30,0.1284,1
35,31,0.1143,2.3654,3.5998,23,1.3393,0
200,192,0.04,95.3505,57.3067,28,0.0227,2
39,38,0.0256,3.7504,4.3926,26,1.6724,0
30,22,0.2667,1.92,3.5106,30,1.269,0
91,91,0.0,57.1201,60.5271,14,0.0175,2
181,156,0.1381,46.5379,40.8059,23,0.0183,2
106,93,0.1226,93.1109,59.4267,24,0.0204,2
25,1,0.96,14.9901,14.7326,14,0.1335,1
31,19,0.3871,4.8609,3.1272,20,0.335,0
30,29,0.0333,1.4786,1.9578,18,1.4549,0
126,100,0.2063,71.5423,75.236,24,0.0168,2
21,2,0.9048,13.5401,12.778,14,0.0652,1
34,33,0.0294,2.2949,3.5512,21,0.5764,0
26,4,0.8462,6.644,7.447,13,0.0511,1
23,1,0.9565,11.739,11.3283,30,0.1177,1
172,147,0.1453,57.274,74.6505,22,0.0286,2
27,1,0.963,13.4188,13.4876,13,0.167,1
38,37,0.0263,1.4477,0.6003,12,1.2514,0
15,5,0.6667,11.3534,5.1231,20,0.1766,1
165,165,0.0,89.4063,33.0898,21,0.0217,2
15,14,0.0667,1.8962,3.5323,22,1.1031,0
24,21,0.125,0.8706,1.5927,29,0.8166,0
30,24,0.2,4.9596,2.3306,12,0.2032,0
196,181,0.0765,66.2954,70.8134,29,0.0136,2
27,24,0.1111,3.3695,0.909,11,0.5658,0
174,166,0.046,90.4134,70.6513,23,0.0144,2
124,114,0.0806,79.9942,85.1682,19,0.0236,2
23,2,0.913,7.7172,14.4434,22,0.0524,1
33,29,0.1212,1.6579,2.6339,13,0.8508,0
30,5,0.8333,7.2181,6.7713,28,0.0668,1
32,22,0.3125,1.1838,2.5141,30,0.7922,0
166,147,0.1145,90.8178,43.6893,14,0.0104,2
20,2,0.9,6.3356,13.3032,29,0.0642,1
26,20,0.2308,1.6156,2.9002,22,1.9046,0
15,3,0.8,13.8494,14.1336,14,0.0554,1
33,33,0.0,3.7006,4.4057,22,0.2612,0
110,110,0.0,61.8016,82.6925,17,0.0168,2
21,1,0.9524,9.1201,8.9871,13,0.0971,1
40,34,0.15,4.5612,4.7005,16,1.551,0
97,89,0.0825,39.1648,90.6877,23,0.0134,2
29,3,0.8966,8.776,8.4346,14,0.1797,1
24,17,0.2917,1.2714,1.4628,23,1.2817,0
18,3,0.8333,8.7245,12.4478,24,0.1398,1
27,16,0.4074,1.7123,4.5698,27,1.425,0
16,4,0.75,14.7638,6.511,23,0.1711,1
188,165,0.1223,84.9543,80.0686,20,0.0271,2
112,89,0.2054,86.7922,66.3543,14,0.0254,2
22,15,0.3182,2.4346,3.2152,21,1.713,0
17,16,0.0588,2.4184,1.6208,14,1.8089,0
22,5,0.7727,5.4373,9.8011,29,0.0715,1
174,172,0.0115,63.2487,65.9647,24,0.0109,2
17,3,0.8235,12.8912,9.3046,24,0.151,1
17,4,0.7647,6.5174,9.8249,13,0.1917,1
21,1,0.9524,14.492,9.6425,21,0.082,1
20,5,0.75,14.082,7.0507,30,0.1095,1
84,67,0.2024,89.3775,77.8854,24,0.0255,2
118,111,0.0593,88.2266,35.4655,28,0.0264,2
33,20,0.3939,4.4486,2.9869,12,1.7671,0
21,3,0.8571,9.3936,5.648,15,0.1151,1
93,84,0.0968,87.5015,71.3206,16,0.0129,2
107,101,0.0561,84.6267,65.1784,18,0.0297,2
27,21,0.2222,0.8619,2.963,28,1.9659,0
108,96,0.1111,75.3084,85.1959,25,0.0117,2
169,155,0.0828,89.2687,51.7766,12,0.0084,2
116,100,0.1379,97.6225,32.527,26,0.0228,2
85,85,0.0,99.137,84.439,21,0.0243,2
25,1,0.96,11.2023,6.0562,20,0.1365,1
23,3,0.8696,7.8616,9.6172,30,0.0926,1
29,1,0.9655,9.6792,13.6585,11,0.1338,1
28,28,0.0,0.69,0.8305,10,1.232,0
86,70,0.186,78.2292,45.0552,29,0.0181,2
28,3,0.8929,5.3721,8.2097,29,0.1713,1
24,1,0.9583,7.9848,13.6845,10,0.1507,1
21,1,0.9524,8.5146,5.551,17,0.1347,1
32,29,0.0938,2.1452,4.3876,16,1.5764,0
18,5,0.7222,8.3997,12.1638,21,0.0566,1
118,107,0.0932,55.1274,66.8498,30,0.0074,2
141,125,0.1135,45.237,69.2789,17,0.0284,2
184,170,0.0761,94.4361,39.445,21,0.0192,2
17,13,0.2353,2.7433,1.2041,22,1.3427,0
160,158,0.0125,62.8891,79.3422,16,0.0298,2
25,2,0.92,8.4988,7.2413,28,0.1069,1
192,156,0.1875,56.8596,78.232,26,0.0178,2
192,164,0.1458,52.2048,80.961,29,0.0146,2
108,89,0.1759,67.7241,51.3394,21,0.0078,2
19,5,0.7368,13.7715,9.7166,30,0.0759,1
34,28,0.1765,3.5459,4.9157,25,0.3436,0
126,113,0.1032,71.9054,89.467,27,0.0282,2
20,2,0.9,8.2251,5.602,27,0.0943,1
17,2,0.8824,8.4113,13.0401,30,0.0942,1
23,2,0.913,13.4614,11.3612,10,0.1174,1
196,174,0.1122,72.4321,36.1475,12,0.0132,2
18,18,0.0,3.0194,3.6034,11,1.3514,0
19,12,0.3684,0.748,4.3612,10,1.1459,0
18,5,0.7222,5.7794,13.6756,16,0.1866,1
106,92,0.1321,35.049,88.8386,19,0.019,2
24,3,0.875,8.8883,13.9813,30,0.146,1
30,2,0.9333,8.74,9.3646,10,0.1432,1
163,159,0.0245,62.6106,47.3126,22,0.0212,2
162,132,0.1852,41.8681,33.9957,23,0.0242,2
21,2,0.9048,6.8551,10.2781,11,0.1183,1
112,91,0.1875,61.4137,72.4717,12,0.0163,2
22,5,0.7727,14.9199,14.594,20,0.1373,1
195,187,0.041,49.6056,47.1494,11,0.0067,2
34,28,0.1765,4.6999,3.6777,12,1.3177,0
16,4,0.75,14.1066,5.9748,16,0.0841,1
29,4,0.8621,11.0245,9.7715,20,0.0611,1
116,94,0.1897,79.946,73.5899,19,0.0205,2
16,16,0.0,4.8416,0.7307,23,0.2808,0
99,88,0.1111,99.7116,40.418,11,0.0195,2
146,119,0.1849,86.1755,46.7712,24,0.0213,2
185,150,0.1892,34.7977,55.7271,18,0.0277,2
29,4,0.8621,13.0061,7.2242,21,0.0717,1
198,193,0.0253,55.8203,35.9268,10,0.023,2
28,23,0.1786,4.7901,1.12,17,0.5125,0
98,83,0.1531,87.2282,98.1895,21,0.0086,2
29,22,0.2414,4.31,1.1259,29,1.1867,0
27,2,0.9259,9.1561,9.3736,28,0.1782,1
140,139,0.0071,42.6724,47.5184,12,0.0189,2
18,2,0.8889,6.0333,12.4133,13,0.0636,1
35,34,0.0286,3.1624,4.5943,25,1.7395,0
23,3,0.8696,13.3189,13.2375,12,0.169,1
31,25,0.1935,2.5891,4.5506,12,0.9199,0
18,3,0.8333,11.2562,8.1334,24,0.0778,1
30,1,0.9667,14.5123,13.0279,11,0.0581,1
183,157,0.1421,47.1522,61.9949,18,0.0187,2
27,4,0.8519,10.0907,10.3949,25,0.1413,1
18,4,0.7778,11.2584,12.5973,17,0.0702,1
31,25,0.1935,4.9552,0.9833,11,1.3162,0
89,84,0.0562,94.8333,30.4256,23,0.0153,2
91,88,0.033,46.4893,61.5763,11,0.0139,2
28,23,0.1786,2.4484,0.7238,16,1.2007,0
20,13,0.35,2.9688,3.1663,22,1.8264,0
20,5,0.75,10.2203,11.3581,19,0.0813,1
25,5,0.8,6.805,10.2117,20,0.0638,1
38,30,0.2105,1.3223,0.6721,26,1.6519,0
16,16,0.0,1.5051,0.8628,17,1.731,0
27,1,0.963,7.2774,9.0966,11,0.1558,1
16,1,0.9375,7.8717,12.1021,15,0.0848,1
141,114,0.1915,93.4169,35.9441,24,0.0132,2
29,2,0.931,9.1257,9.0989,17,0.1949,1
36,27,0.25,1.5837,1.4597,30,0.2203,0
16,15,0.0625,1.1823,3.5676,17,1.3933,0
21,3,0.8571,9.5892,13.2867,14,0.1795,1
30,4,0.8667,11.5852,12.4048,10,0.1525,1
29,26,0.1034,1.6594,3.0759,30,1.9789,0
28,28,0.0,3.7456,1.9859,18,0.2018,0
17,5,0.7059,7.7334,7.8577,23,0.1684,1
157,130,0.172,70.1491,71.324,20,0.0138,2
177,143,0.1921,78.9454,84.8199,11,0.0058,2
24,2,0.9167,5.085,9.851,11,0.1673,1
110,93,0.1545,45.6844,68.9542,29,0.0157,2
18,4,0.7778,6.0289,11.0432,22,0.1609,1
20,4,0.8,13.6945,14.762,14,0.0845,1
141,133,0.0567,91.8469,63.6579,12,0.0071,2
15,1,0.9333,8.6404,6.6342,27,0.1154,1
28,5,0.8214,12.2601,8.058,19,0.1219,1
18,3,0.8333,7.1327,8.6057,14,0.1892,1
19,5,0.7368,6.1177,9.8663,22,0.0667,1
19,14,0.2632,4.5666,3.003,30,1.7148,0
108,87,0.1944,33.4978,96.5332,22,0.0093,2
115,94,0.1826,77.372,91.6372,27,0.0136,2
25,15,0.4,2.4587,2.6686,26,0.672,0
26,1,0.9615,13.4652,14.0329,26,0.1207,1
27,19,0.2963,4.4576,1.994,15,1.3862,0
80,77,0.0375,68.8693,95.6454,14,0.0093,2
38,26,0.3158,1.9356,1.579,27,1.8276,0
30,2,0.9333,11.088,6.8157,17,0.1068,1
113,93,0.177,59.4235,53.6303,25,0.0283,2
120,114,0.05,94.822,89.5879,27,0.0112,2
177,164,0.0734,96.3619,70.8756,15,0.0274,2
89,89,0.0,34.3669,35.2766,22,0.0226,2
18,1,0.9444,5.9808,12.4398,18,0.076,1
21,12,0.4286,1.3401,2.0683,10,0.4241,0
137,133,0.0292,73.0702,56.1722,20,0.0069,2
21,3,0.8571,14.3025,13.2313,12,0.1619,1
29,26,0.1034,4.5889,3.4322,19,1.0385,0
39,25,0.359,0.8069,2.9027,16,1.6906,0
35,27,0.2286,1.6602,0.9998,14,1.8646,0
35,30,0.1429,3.2311,1.9134,22,1.626,0
141,129,0.0851,50.5186,87.8547,19,0.0241,2
17,12,0.2941,0.6983,0.6793,30,1.3335,0
17,5,0.7059,13.7618,5.1255,16,0.1769,1
15,5,0.6667,5.6866,12.9437,17,0.1253,1
28,5,0.8214,6.8984,5.602,28,0.0982,1
24,2,0.9167,8.0336,7.1572,20,0.057,1
15,14,0.0667,2.8878,3.0111,12,1.951,0
25,3,0.88,12.3352,10.7528,18,0.1105,1
19,12,0.3684,4.8198,4.179,18,0.9332,0
119,100,0.1597,75.1943,48.3769,20,0.0075,2
38,25,0.3421,4.7636,4.7857,11,0.7328,0
131,130,0.0076,68.8795,38.7097,23,0.014,2
25,3,0.88,11.7879,11.4784,30,0.1952,1
25,2,0.92,10.0282,9.1025,21,0.1031,1
15,4,0.7333,7.2184,13.5248,15,0.1629,1
23,4,0.8261,6.6733,5.0815,26,0.1193,1
103,84,0.1845,48.5475,56.1102,22,0.0149,2
26,5,0.8077,13.1129,5.8322,26,0.113,1
18,13,0.2778,4.201,2.5777,11,0.3618,0
19,3,0.8421,5.746,9.5593,12,0.1574,1
30,3,0.9,12.4368,13.7931,15,0.191,1
29,1,0.9655,12.8443,12.0941,19,0.097,1
15,1,0.9333,10.2902,10.1719,28,0.1241,1
200,190,0.05,99.5692,38.5739,11,0.0173,2
122,111,0.0902,47.7903,67.6501,10,0.0083,2
24,5,0.7917,8.104,13.2825,20,0.1514,1
23,3,0.8696,5.1009,13.2569,18,0.1853,1
85,79,0.0706,65.1852,56.7013,18,0.0156,2
146,126,0.137,72.0398,58.3554,21,0.0161,2
154,133,0.1364,54.8864,87.7936,17,0.0201,2
16,3,0.8125,11.1024,9.3122,14,0.1143,1
39,31,0.2051,1.3696,0.6496,14,1.4177,0
23,5,0.7826,10.6504,14.4284,11,0.0527,1
28,4,0.8571,10.6911,8.1264,25,0.1466,1
26,22,0.1538,4.2461,1.9782,17,0.301,0
22,17,0.2273,0.7055,2.3934,24,1.0368,0
21,2,0.9048,13.7117,13.2765,17,0.1617,1
39,38,0.0256,4.1395,0.5564,15,0.5046,0
182,164,0.0989,45.5486,62.4043,16,0.0292,2
171,148,0.1345,73.5465,44.9472,21,0.015,2
15,12,0.2,3.831,3.053,23,1.7598,0
28,3,0.8929,9.2739,12.1482,27,0.1417,1
93,84,0.0968,79.4336,59.8369,10,0.0207,2
18,4,0.7778,13.0938,9.6227,11,0.0808,1
40,33,0.175,0.855,0.8668,22,0.674,0
21,2,0.9048,9.2531,5.1121,26,0.1201,1
109,91,0.1651,41.4206,69.901,16,0.0111,2
172,138,0.1977,68.8688,52.4296,10,0.016,2
167,156,0.0659,85.9238,84.4626,22,0.0295,2
80,73,0.0875,65.8116,44.4775,14,0.0211,2
133,107,0.1955,70.0675,32.8252,29,0.0227,2
21,12,0.4286,4.0571,4.9818,25,1.2506,0
113,111,0.0177,32.897,52.1334,30,0.018,2
135,113,0.163,57.7746,96.6403,13,0.0192,2
27,27,0.0,1.3479,4.1293,22,0.7354,0
17,3,0.8235,5.9142,5.9869,28,0.1705,1
167,143,0.1437,92.4246,37.1094,11,0.011,2
22,5,0.7727,14.7561,9.5366,26,0.1745,1
153,134,0.1242,54.9651,88.3304,29,0.0127,2
80,65,0.1875,99.3245,97.7244,21,0.0143,2
115,104,0.0957,38.4234,85.0172,27,0.013,2
15,15,0.0,1.452,2.67,25,1.2072,0
91,81,0.1099,75.6529,84.7001,24,0.009,2
40,39,0.025,4.7673,3.056,14,1.3859,0
180,156,0.1333,81.8998,62.2957,17,0.0151,2
24,3,0.875,12.5212,6.4901,29,0.0671,1
173,155,0.104,95.5087,38.5439,25,0.0272,2
22,18,0.1818,0.848,1.792,26,0.9819,0
167,143,0.1437,63.3998,67.0051,28,0.0199,2
100,98,0.02,81.9338,69.6219,16,0.0273,2
25,1,0.96,8.6666,8.5396,16,0.1443,1
35,28,0.2,1.8245,3.6493,11,0.3025,0
167,157,0.0599,57.5126,85.6117,13,0.0187,2
39,29,0.2564,3.4168,0.6052,13,1.7909,0
131,128,0.0229,38.0888,37.1561,25,0.0244,2
20,2,0.9,14.7481,12.5866,30,0.1609,1
23,5,0.7826,7.5045,14.2078,16,0.1214,1
17,1,0.9412,5.294,14.9145,11,0.1664,1
172,151,0.1221,38.5876,94.2021,28,0.008,2
110,104,0.0545,64.087,31.8673,23,0.0233,2
24,15,0.375,4.2747,3.3124,19,0.6041,0
84,68,0.1905,58.2244,90.3465,11,0.021,2
23,3,0.8696,6.6771,13.9998,19,0.1688,1
83,79,0.0482,87.3571,54.2477,16,0.026,2
187,155,0.1711,71.7568,73.5172,15,0.0141,2
16,1,0.9375,8.951,11.7827,22,0.115,1
19,1,0.9474,10.2011,9.2572,25,0.1775,1
18,1,0.9444,13.1385,13.8485,11,0.1462,1
124,116,0.0645,35.5696,83.0943,21,0.018,2
94,94,0.0,50.378,98.5843,26,0.012,2
161,146,0.0932,84.3403,49.3661,26,0.0266,2
15,10,0.3333,4.6888,1.7241,20,1.098,0
176,163,0.0739,34.4762,79.0421,10,0.0108,2
25,21,0.16,3.8832,1.2443,10,1.1692,0
120,102,0.15,42.5663,73.2154,10,0.0258,2
23,20,0.1304,3.6371,3.3388,17,0.3166,0
24,2,0.9167,10.0091,11.1217,19,0.1561,1
17,11,0.3529,1.7949,4.3326,25,1.8519,0
24,17,0.2917,4.133,2.0751,29,0.9057,0
18,1,0.9444,14.9848,12.509,13,0.0852,1
81,71,0.1235,36.1778,73.1498,27,0.0249,2
35,31,0.1143,1.0536,0.5374,21,1.2595,0
16,12,0.25,0.9425,1.5209,27,0.9284,0
21,21,0.0,1.0118,2.986,25,0.5278,0
24,24,0.0,2.1849,4.4559,15,0.9693,0
22,5,0.7727,8.3086,12.8897,14,0.1747,1
123,116,0.0569,47.3162,87.8505,24,0.018,2
118,105,0.1102,95.6257,59.4731,12,0.0177,2
32,28,0.125,3.2166,3.7006,15,1.7505,0
17,13,0.2353,2.9615,2.5958,10,0.8145,0
25,17,0.32,2.6777,4.0362,12,1.3884,0
133,127,0.0451,72.1393,88.3781,27,0.0207,2
36,22,0.3889,4.7327,1.8088,12,1.6359,0
40,36,0.1,2.9842,3.045,28,0.8335,0
130,106,0.1846,84.9161,51.7745,13,0.0193,2
80,72,0.1,87.6816,68.7522,13,0.0108,2
21,3,0.8571,14.1477,8.4409,23,0.0907,1
30,22,0.2667,4.733,1.1641,21,0.4124,0
110,102,0.0727,63.3058,75.3836,20,0.0259,2
38,33,0.1316,2.1902,2.6133,11,1.4082,0
115,97,0.1565,66.4147,41.4357,30,0.0285,2
18,12,0.3333,3.8841,1.7432,13,1.6087,0
16,3,0.8125,13.1499,11.3771,19,0.1256,1
29,23,0.2069,4.9939,2.431,27,1.4516,0
15,4,0.7333,8.7432,8.5577,24,0.1522,1
127,111,0.126,51.6276,85.4414,24,0.0266,2
20,2,0.9,10.2954,14.1571,26,0.0901,1
27,2,0.9259,14.1729,14.2412,16,0.1346,1
23,13,0.4348,1.6085,3.8468,19,1.9766,0
39,39,0.0,1.894,1.7893,13,0.3083,0
90,89,0.0111,67.9098,98.4459,26,0.0133,2
24,1,0.9583,5.1264,13.9959,25,0.1128,1
30,2,0.9333,8.4609,5.2727,18,0.1165,1
19,5,0.7368,13.0142,8.7825,26,0.1393,1
181,179,0.011,62.5669,88.4954,16,0.0113,2
24,4,0.8333,9.4396,10.8753,27,0.1696,1
21,21,0.0,0.88,4.6322,12,1.5403,0
21,1,0.9524,12.9202,12.2817,27,0.1841,1
17,12,0.2941,1.0556,1.8884,17,1.2227,0
34,27,0.2059,0.6487,0.5409,26,1.8796,0
196,186,0.051,65.1344,54.0273,17,0.0235,2
187,167,0.107,44.6479,59.9851,30,0.0171,2
40,35,0.125,1.8162,0.5099,10,1.8056,0
17,3,0.8235,5.6992,8.2049,20,0.1607,1
153,141,0.0784,67.6697,81.1842,22,0.0184,2
